{"last_tab":"","hp-display":"blog","home_page_builder":"","hp-blog-style":"large","hp-blog-posts":"5","main_layout":"both-sidebars-left","theme_layout":"boxed","date_format":"F d, Y","enable_responsive":"1","breadcrumb":"1","fade_imgs":"1","post_format_icons":"1","scroll_top_bt":"1","custom_author_cover":{"url":"http:\/\/themes.momizat.com\/multinews-rtl\/wp-content\/themes\/multinews\/images\/cover.png","id":"","height":"","width":"","thumbnail":""},"custom_favicon":{"url":"","id":"","height":"","width":"","thumbnail":""},"apple_touch_icon":{"url":"","id":"","height":"","width":"","thumbnail":""},"footer_script":"","header_social":"1","footer_social":"1","hs_facebook":"#","hs_twitter":"#","hs_youtube":"#","hs_google":"#","hs_pin":"#","hs_vimeo":"#","rss_on_off":"","hs_rss":"#","custom_social_icons":[{"icon":"","title":"","url":"","bgcolorh":"","sort":"","attachment_id":"","thumb":"","image":"","height":"","width":""}],"post_bread":"1","post_icon":"1","post_fimage":"1","post_tags":"1","post_nav":"1","post_author":"1","post_head":"1","post_head_author":"1","post_head_date":"1","post_head_cat":"1","post_head_commetns":"1","post_head_views":"1","post_related":"1","related_type":"cat","related_count":"3","cats_bread":"1","cat_rss":"1","cat_slider":"1","cat_desc":"","cat_posts_layout":"def","cat_swi":"1","cat_swi_def":"grid","archives_bread":"1","archives_icon":"1","archive_swi":"1","archive_swi_def":"grid","search_bread":"1","adv_search":"1","search_sort":"1","search_count":"9","search_page_ex":"0","search_cat_ex":"","hp_rsidebar":"","hp_lsidebar":"","cat_rsidebar":"","cat_lsidebar":"","post_rsidebar":"","post_lsidebar":"","page_rsidebar":"","page_lsidebar":"","archive_rsidebar":"","archive_lsidebar":"","woo_rsidebar":"","woo_lsidebar":"","content_ads_position":"1","content_right_banner_id":"","content_left_banner_id":"","header_style":"","logo_type":"logo_image","logo_img":{"url":"http:\/\/themes.momizat.com\/multinews-rtl\/wp-content\/themes\/multinews\/images\/logo.png","id":"","height":"","width":"","thumbnail":""},"retina_logo_img":{"url":"","id":"","height":"","width":"","thumbnail":""},"retina_logo_size":{"width":"227px","height":"59px","units":"px"},"site_name_font":{"font-family":"Arial, Helvetica, sans-serif","font-options":"","google":"1","font-weight":"Normal","font-style":"","subsets":"","text-align":"","font-size":"30px","line-height":"","color":"#dd9933"},"site_des_font":{"font-family":"Arial, Helvetica, sans-serif","font-options":"","google":"1","font-weight":"Normal","font-style":"","subsets":"","text-align":"","font-size":"25px","line-height":"","color":"#dd9933"},"logo_margin":{"margin-top":"0","margin-right":"0","margin-bottom":"0","margin-left":"0"},"logo_align":"def","header_height":"122","h_banner_disable":"1","header_banner":"1236","tb_disable":"1","today_date":"0","today_date_format":"F d, Y","tb_search_disable":"1","ajax_search_disable":"1","tb_left_content":"menu","tb_custom_text":"","tb_right_content":"social","tb_right_custom_text":"","bn_bar":"1","bn_bar_news":"1","bn_bar_title":"\u0627\u062e\u0628\u0627\u0631 \u0639\u0627\u062c\u0644\u0647","bn_bar_display":"latest","bn_bar_custom":"","num_br_posts":"10","bn_bar_menu":"1","nav-itemcolor":"1","dropdown-effect":"dd-effect-slide","body_background":{"background-color":"","background-repeat":"","background-size":"","background-attachment":"","background-position":"","background-image":"","media":{"id":"","height":"","width":"","thumbnail":""}},"bg_slider":"","bg_slider_img":[{"title":"","description":"","url":"","sort":"0","attachment_id":"","thumb":"","image":"","height":"","width":""}],"bg_slider_dur":"5000","bg_ads":"","bg_ads_url":"","bg_ads_h":{"height":"1200px","units":"px"},"bg-fixed":"#f2f2f2","body-color":"#9a9a9a","link-color":{"regular":"#2d2d2d","hover":"#0083b9","active":""},"bg-topbar":"#000000","border-topbar":"#222222","topmenu_color":{"regular":"#c3c3c3","hover":"#fff","active":""},"topmenu_divider":"#222222","hover-topmenu":"#1A1919","topmenu_social":{"regular":"#ededed","hover":"","active":""},"header_background":{"background-color":"","background-repeat":"","background-size":"","background-attachment":"","background-position":"","background-image":"","media":{"id":"","height":"","width":"","thumbnail":""}},"nav_background":"#262626","mainmenu_color":{"regular":"#ededed","hover":"","active":""},"mainmenu_divider":"#000000","nav_bg_hover":"#1e1e1e","br_bg":"#262626","br_border":"#000000","br_title_bg":"#262626","br_title_border":"#000000","br_title":"#ffffff","br_items":{"regular":"#888888","hover":"","active":""},"br_arrow":"#ededed","br_menu":"#ededed","brmenu_divider":"#000000","br_menu_hover":"#1e1e1e","nb_bg":"#ffffff","nb_border":"#e1e1e1","nb_header":"#e9e9e9","nb_title":"#0083b9","sidebar_bg":"#ffffff","sidebar_border":"#e1e1e1","widget_header":"#e9e9e9","widget_border":"#dbdbdb","sidebar_title":"#2d2d2d","footer_bg":{"background-color":"","background-repeat":"","background-size":"","background-attachment":"","background-position":"","background-image":"","media":{"id":"","height":"","width":"","thumbnail":""}},"footer_border":{"border-top":"5px","border-right":"0","border-bottom":"0","border-left":"0","border-style":"solid","border-color":"#1a1a1a"},"footer_color":"#c6c6c6","footer_link":{"regular":"#c6c6c6","hover":"","active":""},"footerw_border":"#1a1a1a","footerw_title":"#ffffff","totop_bg":"","copyright_bg":"#000000","copyright_color":"#313131","copyright_menu":"1","copyright_border":{"border-top":"0","border-right":"0","border-bottom":"1px","border-left":"0","border-style":"solid","border-color":"#1a1a1a"},"copyright_social":{"regular":"#3f3f3f","hover":"","active":""},"rev_header_bg":"","rev_header_border":"","rev_header_font":"","rev_bg":"","rev_border":"","rev_sb_bg":"","rev_sb_border":"","rev_sb_font":"","rev_foot_bg":"","rev_foot_border":"","custom_css":"                                            ","main_font":{"font-family":"Archivo Narrow","font-options":"","google":"1","subsets":""},"sec_font":{"font-family":"Arial, Helvetica, sans-serif","font-options":"","google":"1","font-weight":"","font-style":"","subsets":""},"h1-font":{"font-family":"","font-options":"","google":"1","font-weight":"","font-style":"","subsets":"","font-size":"","line-height":"","color":""},"h2-font":{"font-family":"","font-options":"","google":"1","font-weight":"","font-style":"","subsets":"","font-size":"","line-height":"","color":""},"h3-font":{"font-family":"","font-options":"","google":"1","font-weight":"","font-style":"","subsets":"","font-size":"","line-height":"","color":""},"h4-font":{"font-family":"","font-options":"","google":"1","font-weight":"","font-style":"","subsets":"","font-size":"","line-height":"","color":""},"h5-font":{"font-family":"","font-options":"","google":"1","font-weight":"","font-style":"","subsets":"","font-size":"","line-height":"","color":""},"h6-font":{"font-family":"","font-options":"","google":"1","font-weight":"","font-style":"","subsets":"","font-size":"","line-height":"","color":""},"foot_layout":"fourth","cat_footer_menu":"1","bottom_footer":"1","footer_logo":"1","foot_logo":{"url":"http:\/\/themes.momizat.com\/multinews-rtl\/wp-content\/themes\/multinews\/images\/footer-logo.png","id":"","height":"","width":"","thumbnail":""},"foot_retina_logo":{"url":"","id":"","height":"","width":"","thumbnail":""},"foote_retina_logo_size":{"width":"195px","height":"46px","units":"px"},"footer-text":"Copyright \u00a9 2014 by Multi NEWS. Proudly powered by WordPress.","twitter_ck":"JFQDKRSS8mN3RvP70WmoA","twitter_cs":"58rKz9h09y59vzyBqNvzt4bVY1RVwrhE1jqptKC6M","twitter_at":"27422091-4moIXbFHHSDUpjtxbwEpwgVMfdDd7EDYirZon1QHL","twitter_ats":"8dGS688wg3929TBQLBoeGImWifvbZKgnorPpTJpEovnE4","mailchimp_api_key":"81a78a73c0cbdcc230887c7101d614b5-us3","googlep_api_key":"AIzaSyAPXYUZF718qjEDQZJ8I1xJuc1WOLVTBHA","soundcloud_client_id":"db260c5665949a3113c14452f2cdf715","behance_api_key":"ymUgsa5Q4QAjLA2EPG1Yegq5DpdlFOUR","instagram_access_token":"1189398655.5b9e1e6.cef49e9785724bd080724a09b0682524","woo_products_per_page":"12","nav_cart":1,"nav_cart_in_woo":1,"sticky_navigation":0,"uni_posts":false,"site_width":"narrow","using_timthumb":0,"post_first_image":0,"post_default_img":false,"post_layout":"default","post_layout_default_img":"expand","post_feaimage":1,"post_story":1,"post_comments":1,"post_meta_hp":0,"post_sharee":1,"sharee_fb":1,"sharee_tw":1,"sharee_go":1,"sharee_lin":1,"sharee_pin":1,"sharee_vk":1,"sharee_mail":1,"sharee_print":1,"category_layout":"","cat_slider_timeout":4000,"cat_slider_display":"rand","cat_slider_mpop":true,"cat_posts_layout_style":"def","cat_hp_color":0,"email-author-box":true,"author_post_counter":"10","bn_scroll_speed":7,"bar_login":0,"nav_align":"","main_skin":"light","nb_skin":"","widgets_footer":1,"custom_default_img":"","notice_critical222":"","notice_critical2qq":"","notice_critical2":"","post-ads-info":"","post_top_ad":"","post_bottom_content_ad":"","post_bottom_ad":"","info_warning":"","notice_critical2021":"","notice_critical1":"","bn_bar_cats":"","bn_bar_tags":"","sticky_navigation_logo":"","notice_critical3":"","main-color":"","notice_critical4":"","notice_critical5":"","notice_critical6":"","nav_bg_drop":"","nav_border_drop":"","nav_bg_hover_drop":"","notice_critical7":"","notice_critical8":"","notice_critical9":"","notice_critical10":"","notice_critical13":"","notice_critical12":"","notice_critical1323":"","notice_critical1333":"","notice_critical134":"","body-typo":"","entry-typo":"","entry-blockquote":"","entry-forms":"","mmenu-typo":"","tmenu-typo":"","nph-typo":"","wit-typo":"","notice_critical11":"","notice_critical":"","notice_critical344":"","notice_critical345":"","notice_critical346":"","notice_critical347":"","notice_critical348":"","opt-import-export":"","redux-backup":"1"}