{"last_tab":"0","hp-display":"blog","home_page_builder":"","hp-blog-style":"large","hp-blog-posts":"5","uni_posts":"","main_layout":"right-sidebar","site_width":"wide","theme_layout":"boxed","date_format":"F d, Y","enable_responsive":"1","breadcrumb":"1","wpgallery_lightbox":"1","theme_thumb":"","fade_imgs":"1","post_first_image":"0","post_format_icons":"1","post_default_img":"","custom_default_img":{"url":"","id":"","height":"","width":"","thumbnail":""},"scroll_top_bt":"1","custom_favicon":{"url":"","id":"","height":"","width":"","thumbnail":""},"apple_touch_icon":{"url":"","id":"","height":"","width":"","thumbnail":""},"header_script":"","footer_script":"","header_social":"1","footer_social":"1","hs_facebook":"#","hs_twitter":"#","hs_youtube":"#","hs_google":"#","hs_pin":"#","hs_vimeo":"#","rss_on_off":"","hs_rss":"#","custom_social_icons":[{"icon":"","title":"","url":"","bgcolorh":"","sort":"","attachment_id":"","thumb":"","image":"","height":"","width":""}],"post_layout":"default","post_layout_default_img":"expand","post_bread":"1","post_icon":"1","post_fimage":"1","post_feaimage":"1","post_story":"1","post_tags":"1","post_nav":"1","post_author":"1","post_comments":"1","post_autoplay_video_posts":"0","post_images_in_lightbox":"0","post_meta_hp":"1","post_head":"1","post_head_author":"1","post_head_date":"1","post_head_cat":"1","post_head_commetns":"1","post_head_views":"1","post_sharee":"1","share_position":"bottom","sharee_fb":"1","post_share_facebook_count":"share","sharee_tw":"1","sharee_go":"1","sharee_lin":"1","sharee_pin":"1","sharee_vk":"1","sharee_xing":"1","sharee_mail":"1","sharee_print":"1","post_related":"1","related_type":"cat","related_count":"3","post_top_ad":"","post_bottom_content_ad":"","post_bottom_ad":"","category_layout":"","cats_bread":"1","cat_rss":"1","cat_slider":"1","cat_slider_timeout":"4000","cat_slider_display":"rand","cat_slider_mpop":"1","cat_desc":"","cat_posts_layout":"def","cat_posts_layout_style":"","cat_swi":"1","cat_swi_def":"grid","cat_hp_color":"0","archives_bread":"1","archives_icon":"1","archive_swi":"1","archive_swi_def":"grid","custom_author_cover":{"url":"http:\/\/themes.momizat.com\/multinews\/wp-content\/themes\/multinews\/images\/cover.png","id":"","height":"","width":"","thumbnail":""},"email-author-box":"1","author_post_counter":"10","search_bread":"1","adv_search":"1","search_sort":"1","search_count":"9","search_page_ex":"0","search_cat_ex":"","swstyle":"def","post_cat_sidebar":"","hp_rsidebar":"","hp_lsidebar":"","cat_rsidebar":"","cat_lsidebar":"","post_rsidebar":"","post_lsidebar":"","page_rsidebar":"","page_lsidebar":"","archive_rsidebar":"","archive_lsidebar":"","woo_rsidebar":"","woo_lsidebar":"","content_ads_position":"1","content_right_banner_id":"","content_left_banner_id":"","bbpress_layout":"right-sidebar","bbpress_right_sidebar":"sidebar-20","bbpress_left_sidebar":"","buddypress_layout":"right-sidebar","buddypress_right_sidebar":"","buddypress_left_sidebar":"","header_style":"","logo_type":"logo_image","logo_img":{"url":"http:\/\/themes.momizat.com\/multinews\/wp-content\/themes\/multinews\/images\/logo.png","id":"","height":"","width":"","thumbnail":""},"retina_logo_img":{"url":"","id":"","height":"","width":"","thumbnail":""},"site_name_font":{"font-family":"Arial, Helvetica, sans-serif","font-options":"","google":"1","font-weight":"","font-style":"","subsets":"","text-align":"","font-size":"30px","line-height":"30px","color":"#dd9933"},"site_des_font":{"font-family":"Arial, Helvetica, sans-serif","font-options":"","google":"1","font-weight":"","font-style":"","subsets":"","text-align":"","font-size":"25px","line-height":"25px","color":"#dd9933"},"logo_margin":{"margin-top":"0","margin-right":"0","margin-bottom":"0","margin-left":"0","units":"px"},"logo_align":"def","header_height":"122","h_banner_type":"ads","header_banner":"1236","header_custom_content":"","ccontent_margin":{"margin-top":"","margin-right":"","margin-bottom":"","margin-left":"","units":"px"},"top_banner":"0","top_banner_content":"1","top_banner_ad":"89","top_banner_custom":"","top_banner_close":"1","tob_banner-bg":"","tob_banner-color":"","tob_banner-links":"","tob_banner-close":"","tb_disable":"1","today_date":"0","today_date_format":"F d, Y","tb_search_disable":"1","ajax_search_disable":"1","tb_left_content":"menu","tb_custom_text":"","tb_right_content":"social","tb_right_custom_text":"","bn_bar":"1","bn_bar_news":"1","bn_type":"","bn_bar_title":"Breaking News","bn_bar_display":"latest","bn_bar_tags":"","bn_bar_rss":"","bn_bar_custom":"","num_br_posts":"10","bn_scroll_speed":"7","bn_speed":"600","bn_duration":"4000","bn_bar_links_open":"0","bn_bar_menu":"1","bar_login":"0","nav_align":"","nav-itemcolor":"1","dropdown-effect":"dd-effect-slide","sticky_navigation":"1","sticky_navigation_logo":{"url":"http:\/\/themes.momizat.com\/multinews\/wp-content\/uploads\/2015\/02\/magazine-logo.png","id":"3138","height":"34","width":"143","thumbnail":"http:\/\/themes.momizat.com\/multinews\/wp-content\/uploads\/2015\/02\/magazine-logo-150x150.png"},"cm_counter":"3","unav_banner":"0","unav_banner_content":"1","unav_banner_ad":"1220","unav_banner_custom":"","unav_banner_close":"1","unav_banner-bg":"","unav_banner-color":"","unav_banner-links":"","unav_banner-close":"","main_skin":"light","nb_skin":"","main-color":"","body-color":"","link-color":{"regular":"","hover":"","active":""},"bg-topbar":{"alpha":"1"},"border-topbar":"","topmenu_color":{"regular":"","hover":""},"topmenu_divider":"","hover-topmenu":{"alpha":"1"},"topmenu_social":{"regular":"","hover":""},"date-bg":{"alpha":"1"},"date-color":"","header_background":{"background-color":"","background-repeat":"","background-size":"","background-attachment":"","background-position":"","background-image":"","media":{"id":"","height":"","width":"","thumbnail":""}},"nav_background":{"alpha":"1"},"mainmenu_color":{"regular":"","hover":""},"mainmenu_divider":"","nav_bg_hover":{"alpha":"1"},"nav_bg_drop":{"alpha":"1"},"nav_border_drop":"","nav_bg_hover_drop":{"alpha":"1"},"br_bg":{"alpha":"1"},"br_border":"","br_title_bg":{"alpha":"1"},"br_title_border":"","br_title":"","br_items":{"regular":"","hover":""},"br_arrow":"","br_menu":"","brmenu_divider":"","br_menu_hover":"","nb_bg":{"alpha":"1"},"nb_border":"","nb_header":{"alpha":"1"},"nb_title":"","sidebar_bg":{"alpha":"1"},"sidebar_border":"","widget_header":{"alpha":"1"},"widget_border":"","sidebar_title":"","footer_bg":{"background-color":"","background-repeat":"","background-size":"","background-attachment":"","background-position":"","background-image":"","media":{"id":"","height":"","width":"","thumbnail":""}},"footer_border":{"border-top":"0","border-right":"0","border-bottom":"0","border-left":"0","border-style":"solid","border-color":""},"footer_color":"","footer_link":{"regular":"","hover":""},"footerw_border":"","footerw_title":"","totop_bg":{"alpha":"1"},"copyright_bg":{"alpha":"1"},"copyright_color":"","copyright_menu":"1","copyright_border":{"border-top":"0","border-right":"0","border-bottom":"0","border-left":"0","border-style":"solid","border-color":""},"copyright_social":{"regular":"","hover":"","active":""},"rev_header_bg":"","rev_header_border":"","rev_header_font":"","rev_bg":"","rev_border":"","rev_sb_bg":"","rev_sb_border":"","rev_sb_font":"","rev_foot_bg":"","rev_foot_border":"","body_background":{"background-color":"","background-repeat":"","background-size":"","background-attachment":"","background-position":"","background-image":"","media":{"id":"","height":"","width":"","thumbnail":""}},"bg_slider":"","bg_slider_img":[{"title":"","description":"","url":"","sort":"0","attachment_id":"","thumb":"","image":"","height":"","width":""}],"bg_slider_dur":"5000","bg_ads":"","bg_ads_url":"","bg_ads_h":{"height":"1200px","units":"px"},"bg-fixed":{"color":"#f2f2f2","alpha":"1","rgba":"rgba(242,242,242,1)"},"custom_css":"                    .page-id-1956 .mom_lightbox{text-align:center;}\r\n.page-id-1956 .mom_lightbox img{display:inline-block;}\r\n.page-id-252 .secondary-sidebar{\r\n    margin: 0 10px 0 0;\r\n}\r\n.page-id-252 .main-left .secondary-sidebar{\r\n    margin: 0 0 0 10px;\r\n}\r\n.fixed-header .inner {\r\n    width: 1200px;\r\n}\r\n.entry-content blockquote{\r\n    padding: 18px 25px 18px 45px;\r\n}                ","main_font":{"font-family":"","font-options":"","google":"1","font-backup":"","font-weight":"","font-style":"","subsets":""},"sec_font":{"font-family":"Arial, Helvetica, sans-serif","font-options":"","google":"1","font-backup":"","font-weight":"","font-style":"","subsets":""},"body-typo":{"font-family":"","font-options":"","google":"1","font-weight":"","font-style":"","subsets":"","font-size":"","line-height":"","color":""},"entry-typo":{"font-family":"","font-options":"","google":"1","font-weight":"","font-style":"","subsets":"","font-size":"","line-height":"","color":""},"entry-blockquote":{"font-family":"","font-options":"","google":"1","font-weight":"","font-style":"","subsets":"","font-size":"","line-height":"","color":""},"entry-forms":{"font-family":"","font-options":"","google":"1","font-weight":"","font-style":"","subsets":"","font-size":"","line-height":"","color":""},"mmenu-typo":{"font-family":"","font-options":"","google":"1","font-weight":"","font-style":"","subsets":"","font-size":"","line-height":"","color":""},"tmenu-typo":{"font-family":"","font-options":"","google":"1","font-weight":"","font-style":"","subsets":"","font-size":"","line-height":"","color":""},"nph-typo":{"font-family":"","font-options":"","google":"1","font-weight":"","font-style":"","subsets":"","font-size":"","line-height":"","color":""},"wit-typo":{"font-family":"","font-options":"","google":"1","font-weight":"","font-style":"","subsets":"","font-size":"","line-height":"","color":""},"h1-font":{"font-family":"","font-options":"","google":"1","font-weight":"","font-style":"","subsets":"","font-size":"","line-height":"","color":""},"h2-font":{"font-family":"","font-options":"","google":"1","font-weight":"","font-style":"","subsets":"","font-size":"","line-height":"","color":""},"h3-font":{"font-family":"","font-options":"","google":"1","font-weight":"","font-style":"","subsets":"","font-size":"","line-height":"","color":""},"h4-font":{"font-family":"","font-options":"","google":"1","font-weight":"","font-style":"","subsets":"","font-size":"","line-height":"","color":""},"h5-font":{"font-family":"","font-options":"","google":"1","font-weight":"","font-style":"","subsets":"","font-size":"","line-height":"","color":""},"h6-font":{"font-family":"","font-options":"","google":"1","font-weight":"","font-style":"","subsets":"","font-size":"","line-height":"","color":""},"font-eot":{"url":"","id":"","height":"","width":"","thumbnail":""},"font-woff":{"url":"","id":"","height":"","width":"","thumbnail":""},"font-ttf":{"url":"","id":"","height":"","width":"","thumbnail":""},"font-svg":{"url":"","id":"","height":"","width":"","thumbnail":""},"font-name":"","mom-font-weight":"","mom-font-style":"","widgets_footer":"1","foot_layout":"fourth","cat_footer_menu":"1","bottom_footer":"1","footer_logo":"1","foot_logo":{"url":"http:\/\/themes.momizat.com\/multinews\/wp-content\/themes\/multinews\/images\/footer-logo.png","id":"","height":"","width":"","thumbnail":""},"foot_retina_logo":{"url":"","id":"","height":"","width":"","thumbnail":""},"foote_retina_logo_size":{"width":"195px","height":"46px","units":"px"},"footer-text":"Copyright \u00a9 2014 Powered By Wordpress, Multi NEWS Theme By <a href=\"http:\/\/www.momizat.com\/\">Momizat Team<\/a>","twitter_ck":"JFQDKRSS8mN3RvP70WmoA","twitter_cs":"58rKz9h09y59vzyBqNvzt4bVY1RVwrhE1jqptKC6M","twitter_at":"27422091-4moIXbFHHSDUpjtxbwEpwgVMfdDd7EDYirZon1QHL","twitter_ats":"8dGS688wg3929TBQLBoeGImWifvbZKgnorPpTJpEovnE4","mailchimp_api_key":"81a78a73c0cbdcc230887c7101d614b5-us3","googlep_api_key":"AIzaSyAPXYUZF718qjEDQZJ8I1xJuc1WOLVTBHA","soundcloud_client_id":"db260c5665949a3113c14452f2cdf715","behance_api_key":"ymUgsa5Q4QAjLA2EPG1Yegq5DpdlFOUR","instagram_access_token":"1189398655.5b9e1e6.cef49e9785724bd080724a09b0682524","photon":"0","notice_critical222":"","notice_critical2qq":"","notice_critical2":"","post-ads-info":"","info_warning":"","notice_critical2021":"","notice_critical1":"","topbanner-customization-info":"","bn_bar_cats":"","notice_critical3":"","notice_critical4":"","notice_critical5":"","notice_critical6":"","notice_critical7":"","notice_critical8":"","notice_critical9":"","notice_critical10":"","notice_critical13":"","notice_critical12":"","notice_critical1323":"","notice_critical1333":"","notice_critical134":"","notice_critical11":"","notice_critical":"","notice_critical344":"","notice_critical345":"","notice_critical346":"","notice_critical347":"","notice_critical348":"","notice_critical33D4":"","opt-import-export":"","redux-backup":"1"}