{"main-sidebar":{"momizatsocialcounter-2":{"title":"","rss_text":"1000+","rss_link":"","twitter":"envato","facebook":"161633160519240","googlep":"116812091267698107544","dribbble":"seth_eckert","youtube":"GoogleDevelopers","vimeo":"76914","soundcloud":"alafasy","instagram":"ormanclark","behance":"KimByungkwan","delicious":"charhoehn","pinterest":"http:\/\/www.pinterest.com\/koztar\/cg-spaceships-vehicules\/","header_background":"","header_text_color":""},"momizat-related-posts-2":{"title":"Related Posts ","count":"3","orderby":null,"display":null,"cats":null},"momizattabber-2":{"sidebar":"sidebar-10","class":""},"momizatads-3":{"title":"Advertising","ad":"1228"}},"secondary-sidebar":{"momizat-posts-3":{"title":"","count":"3","orderby":"Recent","display":"cats","cats":["4"]},"categories-2":{"title":"Categories","count":1,"hierarchical":0,"dropdown":0}},"footer1":{"text-2":{"title":"about us","text":"Lorem Ipsum is simply dummy text of the printing and typesetting industry. Lorem Ipsum has been the industry's standard dummy text ever since the 1500s, when an unknown printer took a galley of type and scrambled it to make a type specimen book. containing Lorem Ipsum passages, and more","filter":false},"social-icons-3":{"title":"Follow","twitter":"https:\/\/twitter.com\/momizat","facebook":"https:\/\/www.facebook.com\/momizat","google":"#","youtube":"http:\/\/www.youtube.com\/user\/momizat","rss":"#","dribble":"","pin":"","instgram":"","vimeo":"#","tumblr":"","linkedin":"","soundcloud":"","skype":"","picasa":"","flicker":"","stum":"","forrst":"","email":""}},"footer2":{"momizat-posts-5":{"title":"Random posts","count":"4","orderby":"Random","display":"latest","cats":null}},"footer3":{"momizattwitter-4":{"title":"Twitter","count":"3","style":"minimum","username":"momizat"}},"footer4":{"nav_menu-2":{"title":"Menu","nav_menu":102},"momizatnewsletter-2":{"title":"Newsletter","type":"mailchimp","msg":"Get Journal good news straight to your email.","list":"f60f505336","feed_url":""}},"sidebar-10":{"momizat-posts-2":{"title":"News","count":"3","orderby":"Recent","display":"cats","cats":["7"]},"momizat-posts_list-2":{"title":"World","count":"4","orderby":"Recent","display":"cats","cats":["12"],"tags":"","header_background":"","header_text_color":"","bg_color":"","bg_image":""},"mom_comments-2":{"title":"Comments","count":"3","header_background":"","header_text_color":"","bg_color":"","bg_image":""},"tag_cloud-2":{"title":"Tags","taxonomy":"post_tag"}},"sidebar-11":{"social-icons-2":{"title":"Follow","twitter":"https:\/\/twitter.com\/momizat","facebook":"https:\/\/www.facebook.com\/momizat","google":"#","youtube":"http:\/\/www.youtube.com\/user\/momizat","rss":"#","dribble":"#","pin":"#","instgram":"#","vimeo":"#","tumblr":"#","linkedin":"#","soundcloud":"#","skype":"","picasa":"","flicker":"","stum":"","forrst":"","email":""},"mom_comments-3":{"title":"Latest Comments","count":"2","header_background":"","header_text_color":"","bg_color":"","bg_image":""},"login_widget-2":{"title":"Login","header_background":"","header_text_color":"","bg_color":"","bg_image":""},"momizat-posts-images-2":{"title":"News in Pictures","count":"12","orderby":"Recent","display":"latest","cats":null},"momizat-slider-2":{"title":"News Slider","count":"3","orderby":"Popular","display":"latest","cats":null,"style":"fade","speed":"1000","animation":"fade","animationin":"bounce","animationout":"bounceOut","autoplay":"yes","timeout":"5000","header_background":"","header_text_color":"","bg_color":"","bg_image":""},"momizat-posts-4":{"title":"Even More News","count":"4","orderby":"Random","display":"latest","cats":null},"momizatreviews-2":{"title":"Top Reviews","count":"4","orderby":"top","display":"latest","cats":null},"categories-3":{"title":"Categories","count":1,"hierarchical":0,"dropdown":0},"weather-box-2":{"title":"Weather","city":"Sydney","units":"metric","dateformat":"m\/d\/Y","lang":"en","display":"","days":"6"},"momizatads-16":{"title":"Advertising","ad":"2115"}},"sidebar-12":{"search-2":{"title":"Search"},"tag_cloud-3":{"title":"Tags","taxonomy":"post_tag"},"momizatads-4":{"title":"Advertising","ad":"66"},"momizatads-5":{"title":"Advertising","ad":"70"},"momizattwitter-2":{"title":"Twitter","count":"3","style":"","username":"envato","header_background":"","header_text_color":"","bg_color":"","bg_image":""},"weather-box-3":{"title":"Weather","city":"Cairo","units":"metric","dateformat":"m\/d\/Y","lang":"en","display":"","days":"6"}},"sidebar-13":{"momizatads-9":{"title":"Advertising","ad":"43"},"momizatads-10":{"title":"Advertising","ad":"1220"},"momizatads-11":{"title":"Advertising","ad":"1228"},"momizatads-13":{"title":"Advertising","ad":"1226"},"momizatads-14":{"title":"Advertising","ad":"1229"},"momizatads-15":{"title":"Advertising","ad":"1227"}},"sidebar-14":{"momizatads-6":{"title":"","ad":"66"},"momizatads-7":{"title":"Advertising","ad":"1225"},"momizatads-8":{"title":"Advertising","ad":"43"}},"sidebar-16":{"momizat-slider-3":{"title":"","count":"5","orderby":"Recent","display":"cats","cats":["9"],"style":"scrollHorz","speed":"1000","animation":"flip","animationin":"bounce","animationout":"bounceOut","autoplay":"yes","timeout":"5000"},"momizat-posts-7":{"title":"Random","count":"5","orderby":"Random","display":"cats","cats":["9"]},"momizat-posts-images-3":{"title":"News pictuer ","count":"9","orderby":"Popular","display":"cats","cats":["9"]},"categories-4":{"title":"Cateogries","count":1,"hierarchical":0,"dropdown":0},"momizat-googlebadgebox-2":{"title":"Google+","page_type":"profile","page_url":"https:\/\/plus.google.com\/u\/0\/113859150798107390315\/posts","width":"336","gp_layout":"portrait","color_scheme":"light","cover_photo":null,"tagline":"on","lang":"ar"},"momizatnewsletter-3":{"title":"Newsletter","type":"mailchimp","msg":"Get Journal good news straight to your email.","list":"f60f505336","feed_url":""},"mom_comments-4":{"title":"Comments","count":"5"}},"sidebar-17":{"momizat-posts-6":{"title":"","count":"4","orderby":"Recent","display":"cats","cats":["9"]},"momizat-slider-4":{"title":"Most Popular","count":"5","orderby":"Popular","display":"cats","cats":["9"],"style":"scrollHorz","speed":"1000"},"tag_cloud-4":{"title":"Tags","taxonomy":"post_tag"},"weather-box-4":{"title":"Weather","city":"Sydney","units":"metric","dateformat":"m\/d\/Y","lang":"en","display":""}},"sidebar-18":{"momizatsocialcounter-4":{"title":"Socials Counter","rss_text":"1000+","rss_link":"","twitter":"momizat","facebook":"161633160519240","googlep":"","dribbble":"","youtube":"","vimeo":"","soundcloud":"","instagram":"","behance":"","delicious":"","pinterest":""},"like-box-2":{"title":"Facebook","width":"335","height":"258","faces":"on","stream":null,"header":null,"page":"http:\/\/www.facebook.com\/momizat"},"mom_comments-5":{"title":"Comments","count":"5","header_background":"","header_text_color":"","bg_color":"","bg_image":""},"momizattabber-3":{"sidebar":"sidebar-10","class":""},"momizat-posts-8":{"title":"Most Popular","count":"3","orderby":"Popular","display":"latest","cats":null},"momizat-posts_list-3":{"title":"Most Popular","count":"5","orderby":"Popular","display":"latest","cats":null},"momizatreviews-3":{"title":"Top Reviews","count":"5","orderby":"top","display":"latest","cats":null},"login_widget-3":{"title":"Login"},"social-icons-4":{"title":"Follow","twitter":"https:\/\/twitter.com\/momizat","facebook":"https:\/\/www.facebook.com\/momizat","google":"","youtube":"http:\/\/www.youtube.com\/user\/momizat","rss":"","dribble":"","pin":"","instgram":"","vimeo":"","tumblr":"","linkedin":"","soundcloud":"","skype":"","picasa":"","flicker":"","stum":"","forrst":"","email":""},"momizattwitter-5":{"title":"Twitter","count":"5","style":"","username":"momizat"},"weather-box-5":{"title":"Weather","city":"Sydney","units":"metric","dateformat":"m\/d\/Y","lang":"en","display":""},"momizat-posts-images-4":{"title":"Most Popular","count":"9","orderby":"Popular","display":"latest","cats":null},"momizatnewsletter-4":{"title":"Newsletter","type":"mailchimp","msg":"Get Journal good news straight to your email.","list":"b7c816c80f","feed_url":""},"flickr-photo-2":{"title":"Flickr","flickrID":"44695441@N03","count":"8","box":"on"},"momizat-slider-5":{"title":"Most Popular","count":"5","orderby":"Popular","display":"latest","cats":null,"style":"none","speed":"1000"}},"sidebar-20":{"bbp_search_widget-2":{"title":""},"login_widget-5":{"title":"Login"},"bbp_forums_widget-2":{"title":"Forums","parent_forum":"0"},"bbp_replies_widget-2":{"title":"Recent Replies","show_date":false,"show_user":false,"max_shown":5},"bbp_topics_widget-2":{"title":"Recent Topics","order_by":"newness","parent_forum":"any","show_date":false,"show_user":false,"max_shown":5},"bbp_stats_widget-2":{"title":"Forum Statistics"},"bbp_views_widget-2":{"title":"Views List"}},"sidebar-21":{"nav_menu-3":{"nav_menu":106,"header_background":"","header_text_color":"","bg_color":"","bg_image":""}},"sidebar-22":{"archives-2":{"title":"","count":0,"dropdown":0,"header_background":"","header_text_color":"","bg_color":"","bg_image":""}}}