{"main-sidebar":{"momizatsocialcounter-2":{"title":"","rss_text":"1000+","rss_link":"","twitter":"envato","facebook":"161633160519240","googlep":"116812091267698107544","dribbble":"seth_eckert","youtube":"GoogleDevelopers","vimeo":"76914","soundcloud":"alafasy","instagram":"ormanclark","behance":"KimByungkwan","delicious":"charhoehn","pinterest":"http:\/\/www.pinterest.com\/koztar\/cg-spaceships-vehicules\/"},"momizattabber-2":{"sidebar":"sidebar-10","class":""},"momizatads-2":{"title":"\u0627\u0644\u0625\u0639\u0644\u0627\u0646","ad":"1228"}},"secondary-sidebar":{"momizat-posts-2":{"title":"","count":"3","orderby":"Recent","display":"cats","cats":["3"]},"categories-3":{"title":"\u0627\u0644\u062a\u0635\u0646\u064a\u0641\u0627\u062a","count":1,"hierarchical":0,"dropdown":0}},"footer1":{"text-2":{"title":"\u062b\u064a\u0645 \u0645\u0627\u0644\u062a\u0649 \u0646\u064a\u0648\u0632","text":"\u0647\u0630\u0627 \u0627\u0644\u0646\u0635 \u0647\u0648 \u0645\u062b\u0627\u0644 \u0644\u0646\u0635 \u064a\u0645\u0643\u0646 \u0623\u0646 \u064a\u0633\u062a\u0628\u062f\u0644 \u0641\u064a \u0646\u0641\u0633 \u0627\u0644\u0645\u0633\u0627\u062d\u0629\u060c \u0644\u0642\u062f \u062a\u0645 \u062a\u0648\u0644\u064a\u062f \u0647\u0630\u0627 \u0627\u0644\u0646\u0635 \u0645\u0646 \u0645\u0648\u0644\u062f \u0627\u0644\u0646\u0635 \u0627\u0644\u0639\u0631\u0628\u0649\u060c \u062d\u064a\u062b \u064a\u0645\u0643\u0646\u0643 \u0623\u0646 \u062a\u0648\u0644\u062f \u0645\u062b\u0644 \u0647\u0630\u0627 \u0627\u0644\u0646\u0635 \u0623\u0648 \u0627\u0644\u0639\u062f\u064a\u062f \u0645\u0646 \u0627\u0644\u0646\u0635\u0648\u0635 \u0627\u0644\u0623\u062e\u0631\u0649 \u0625\u0636\u0627\u0641\u0629 \u0625\u0644\u0649 \u0632\u064a\u0627\u062f\u0629 \u0639\u062f\u062f \u0627\u0644\u062d\u0631\u0648\u0641 \u0627\u0644\u062a\u0649 \u064a\u0648\u0644\u062f\u0647\u0627 \u0627\u0644\u062a\u0637\u0628\u064a\u0642\u060c \u0625\u0630\u0627 \u0643\u0646\u062a \u062a\u062d\u062a\u0627\u062c \u0625\u0644\u0649 \u0639\u062f\u062f \u0623\u0643\u0628\u0631 \u0645\u0646 \u0627\u0644\u0641\u0642\u0631\u0627\u062a \u064a\u062a\u064a\u062d \u0644\u0643 \u0645\u0648\u0644\u062f \u0627\u0644\u0646\u0635 \u0627\u0644\u0639\u0631\u0628\u0649 \u0632\u064a\u0627\u062f\u0629 \u0639\u062f\u062f \u0627\u0644\u0641\u0642\u0631\u0627\u062a \u0643\u0645\u0627 \u062a\u0631\u064a\u062f. ","filter":false},"social-icons-3":{"title":"\u062a\u0627\u0628\u0639\u0646\u0627","twitter":"https:\/\/twitter.com\/momizat","facebook":"https:\/\/www.facebook.com\/momizat","google":"#","youtube":"http:\/\/www.youtube.com\/user\/momizat","rss":"#","dribble":"","pin":"","instgram":"","vimeo":"#","tumblr":"","linkedin":"","soundcloud":"","skype":"","picasa":"","flicker":"","stum":"","forrst":"","email":""}},"footer2":{"momizat-posts-5":{"title":"\u0627\u0644\u0623\u0643\u062b\u0631 \u0634\u0639\u0628\u064a\u0629","count":"4","orderby":"Popular","display":"latest","cats":null}},"footer3":{"momizattwitter-3":{"title":"\u062a\u0648\u064a\u062a\u0631","count":"3","style":"minimum","username":"momizat"}},"footer4":{"nav_menu-2":{"title":"\u0642\u0627\u0626\u0645\u0629","nav_menu":64},"momizatnewsletter-2":{"title":"\u0627\u0644\u0646\u0634\u0631\u0629 \u0627\u0644\u0625\u062e\u0628\u0627\u0631\u064a\u0629","type":"mailchimp","msg":"\u0627\u0644\u062d\u0635\u0648\u0644 \u0639\u0644\u0649 \u0627\u0644\u0623\u062e\u0628\u0627\u0631 \u0627\u0644\u064a\u0648\u0645\u064a\u0629 \u0627\u0644\u062c\u064a\u062f\u0629 \u0645\u0628\u0627\u0634\u0631\u0629 \u0625\u0644\u0649 \u0627\u0644\u0628\u0631\u064a\u062f \u0627\u0644\u0625\u0644\u0643\u062a\u0631\u0648\u0646\u064a \u0627\u0644\u062e\u0627\u0635 \u0628\u0643.","list":"f60f505336","feed_url":""}},"sidebar-10":{"momizat-posts-3":{"title":"\u0627\u0644\u0623\u062e\u0628\u0627\u0631","count":"3","orderby":"Recent","display":"cats","cats":["8"]},"momizat-posts_list-2":{"title":"\u0627\u0644\u0639\u0627\u0644\u0645","count":"4","orderby":"Recent","display":"cats","cats":["14"]},"mom_comments-2":{"title":"\u0627\u0644\u062a\u0639\u0644\u064a\u0642\u0627\u062a","count":"3"},"tag_cloud-2":{"title":"\u0648\u0633\u0648\u0645","taxonomy":"post_tag"}},"sidebar-11":{"search-3":{"title":"\u0628\u062d\u062b"},"tag_cloud-3":{"title":"\u0648\u0633\u0648\u0645","taxonomy":"post_tag"},"momizatads-3":{"title":"\u0627\u0644\u0625\u0639\u0644\u0627\u0646","ad":"66"},"flickr-photo-2":{"title":"\u0641\u0644\u064a\u0643\u0631","flickrID":"44695441@N03","count":"8","box":"on"},"momizatads-4":{"title":"\u0627\u0644\u0625\u0639\u0644\u0627\u0646","ad":"70"},"momizattwitter-2":{"title":"\u062a\u0648\u064a\u062a\u0631","count":"3","style":"","username":"momizat"},"weather-box-3":{"title":"\u0627\u0644\u0637\u0642\u0633","city":"\u0627\u0644\u0642\u0627\u0647\u0631\u0629","units":"metric","dateformat":"m\/d\/Y","lang":"ar","display":"","days":"6","header_background":"","header_text_color":""}},"sidebar-12":{"like-box-2":{"title":"\u0641\u064a\u0633 \u0628\u0648\u0643","width":"335","height":"258","faces":"on","stream":null,"header":null,"page":"http:\/\/www.facebook.com\/momizat"},"social-icons-2":{"title":"\u062a\u0627\u0628\u0639","twitter":"https:\/\/twitter.com\/momizat","facebook":"https:\/\/www.facebook.com\/momizat","google":"#","youtube":"http:\/\/www.youtube.com\/user\/momizat","rss":"#","dribble":"#","pin":"#","instgram":"#","vimeo":"#","tumblr":"#","linkedin":"#","soundcloud":"#","skype":"","picasa":"","flicker":"","stum":"","forrst":"","email":""},"mom_comments-3":{"title":"\u0627\u0644\u062a\u0639\u0644\u064a\u0642\u0627\u062a","count":"4"},"login_widget-2":{"title":"\u0627\u0644\u062f\u062e\u0648\u0644"},"momizat-posts-images-2":{"title":"\u0635\u0648\u0631\u0647 \u0641\u0649 \u062e\u0628\u0631","count":"8","orderby":"Recent","display":"latest","cats":null},"momizat-slider-2":{"title":"\u0634\u0631\u064a\u0637 \u0627\u0644\u062a\u0645\u0631\u064a\u0631","count":"5","orderby":"Recent","display":"latest","cats":null,"style":"fade","speed":"1000"},"momizat-posts-4":{"title":"\u0645\u0632\u064a\u062f \u0645\u0646 \u0627\u0644\u0627\u062e\u0628\u0627\u0631","count":"4","orderby":"Random","display":"latest","cats":null},"momizatreviews-2":{"title":"\u0627\u0639\u0644\u0649 \u0627\u0644\u062a\u0642\u064a\u064a\u0645\u0627\u062a","count":"5","orderby":"top","display":"latest","cats":null},"categories-4":{"title":"\u0627\u0644\u062a\u0635\u0646\u064a\u0641\u0627\u062a","count":1,"hierarchical":0,"dropdown":0},"weather-box-2":{"title":"\u0627\u0644\u0637\u0642\u0633","city":"sydney","units":"metric","dateformat":"m\/d\/Y","lang":"ar","display":"\u0633\u064a\u062f\u0646\u0649"}},"sidebar-13":{"momizatads-5":{"title":"\u0627\u0644\u0625\u0639\u0644\u0627\u0646","ad":"43"},"momizatads-6":{"title":"\u0627\u0644\u0625\u0639\u0644\u0627\u0646","ad":"1220"},"momizatads-7":{"title":"\u0627\u0644\u0625\u0639\u0644\u0627\u0646","ad":"1228"},"momizatads-8":{"title":"\u0627\u0644\u0625\u0639\u0644\u0627\u0646","ad":"1226"},"momizatads-9":{"title":"\u0627\u0644\u0625\u0639\u0644\u0627\u0646","ad":"1229"},"momizatads-10":{"title":"\u0627\u0644\u0625\u0639\u0644\u0627\u0646","ad":"1227"}},"sidebar-14":{"woocommerce_product_search-2":{"title":""},"woocommerce_price_filter-2":{"title":"\u0627\u0644\u062a\u0631\u0634\u064a\u062d \u0628\u0627\u0644\u0633\u0639\u0631"},"woocommerce_products-2":{"title":"\u0627\u0644\u0645\u0646\u062a\u062c\u0627\u062a","number":"5","show":"","orderby":"date","order":"desc","hide_free":0,"show_hidden":0}},"sidebar-15":{"momizatads-11":{"title":"","ad":"66"},"momizatads-12":{"title":"\u0627\u0644\u0625\u0639\u0644\u0627\u0646","ad":"1225"},"momizatads-13":{"title":"\u0627\u0644\u0625\u0639\u0644\u0627\u0646","ad":"43"}}}